"BeSiVa","Lasso","Elastic Net","Random Forest","Adaboost.M1Unimp","Adaboost.M1Imp"
0.728444003964321,0.749119718309859,0.747359154929577,0.705105633802817,0.495297805642633,1
