"BeSiVa","Lasso","Elastic Net","Random Forest","Adaboost.M1Unimp","Adaboost.M1Imp"
0.766129032258065,0.733870967741935,0.741935483870968,0.717741935483871,0.580645161290323,0.733870967741935
