"BeSiVa","Lasso","Elastic Net","Random Forest","Adaboost.M1"
1,0.749119718309859,0.747359154929577,0.710387323943662,1
