"BeSiVa","Lasso","Elastic Net","Random Forest","Adaboost.M1"
0.696,0.72,0.728,0.736,0.656
0.671875,0.640625,0.6484375,0.65625,0.609375
0.656,0.632,0.648,0.64,0.592
0.755905511811024,0.771653543307087,0.763779527559055,0.740157480314961,0.724409448818898
0.752,0.736,0.736,0.72,0.72
0.76984126984127,0.777777777777778,0.76984126984127,0.801587301587302,0.76984126984127
