"BeSiVa","Lasso","Elastic Net","Random Forest","Adaboost.M1"
0.693548387096774,0.717741935483871,0.709677419354839,0.661290322580645,0.725806451612903
0.688,0.704,0.664,0.656,0.64
0.808,0.824,0.824,0.784,0.704
