"BeSiVa","Lasso","Elastic Net","Random Forest","Adaboost.M1"
0.661417322834646,0.661417322834646,0.661417322834646,0.669291338582677,0.692913385826772
0.779527559055118,0.779527559055118,0.779527559055118,0.740157480314961,0.724409448818898
