"BeSiVa","Lasso","Elastic Net","Random Forest","Adaboost.M1"
0.72700296735905,0.735035211267606,0.740316901408451,0.692781690140845,1
0.732142857142857,0.733039647577093,0.740969162995595,0.715418502202643,1
0.713577799801784,0.733920704845815,0.720704845814978,0.686343612334802,1
