"BeSiVa","Lasso","Elastic Net","Random Forest","Adaboost.M1"
0.729166666666667,0.73215859030837,0.730396475770925,0.694273127753304,1
0.739303482587065,0.740282685512368,0.746466431095406,0.720848056537102,1
0.738613861386139,0.756828193832599,0.749779735682819,0.715418502202643,1
0.720953326713009,0.734333627537511,0.738746690203001,0.703442188879082,1
0.73015873015873,0.72863436123348,0.729515418502203,0.693392070484582,1
0.739087301587302,0.725749559082892,0.735449735449735,0.701940035273369,1
