"BeSiVa","Lasso","Elastic Net","Random Forest","Adaboost.M1Unimp","Adaboost.M1Imp"
0.766129032258065,0.733870967741935,0.741935483870968,0.717741935483871,0.580645161290323,0.733870967741935
0.738095238095238,0.753968253968254,0.746031746031746,0.722222222222222,0.452380952380952,0.682539682539683
0.761904761904762,0.76984126984127,0.785714285714286,0.73015873015873,0.452380952380952,0.706349206349206
