"BeSiVa","Lasso","Elastic Net","Random Forest","Adaboost.M1"
0.75,0.733870967741935,0.741935483870968,0.701612903225806,0.701612903225806
