"BeSiVa","Lasso","Elastic Net","Random Forest","Adaboost.M1"
0.733134920634921,0.738746690203001,0.738746690203001,0.700794351279788,1
0.722222222222222,0.724624889673433,0.724624889673433,0.688437775816417,1
