"BeSiVa","Lasso","Elastic Net","Random Forest","Adaboost.M1"
0.728444003964321,0.749119718309859,0.747359154929577,0.705105633802817,0.495297805642633
0.726190476190476,0.746913580246914,0.742504409171076,0.705467372134039,0.509419152276295
0.733862959285005,0.727513227513228,0.739858906525573,0.700176366843034,0.504709576138148
